{
  "pages": [
    {
      "id": "quick-start",
      "title": "Quick Start Guide",
      "url": "/pages/getting-started/quick-start.html",
      "category": "Começar Agora",
      "description": "Guia rápido para começar a usar o Showcase em 5 minutos",
      "keywords": ["início", "começar", "tutorial", "primeiro", "guia", "rápido"],
      "content": "Comece a usar o Showcase em apenas 5 minutos seguindo este guia passo a passo. Acesse o Showcase Studio, crie um novo projeto, configure categorias, adicione conteúdo e publique sua apresentação."
    },
    {
      "id": "installation",
      "title": "Instalação do Player",
      "url": "/pages/getting-started/installation.html",
      "category": "Começar Agora",
      "description": "Como instalar o Showcase Player em diferentes sistemas operacionais",
      "keywords": ["instalar", "instalação", "player", "download", "sistema", "windows", "mac", "linux"],
      "content": "Guia completo para instalação do Showcase Player em Windows, macOS e Linux. Requisitos do sistema, processo de instalação e configuração inicial."
    },
    {
      "id": "faq",
      "title": "FAQ - Perguntas Frequentes",
      "url": "/pages/support/faq.html",
      "category": "Suporte",
      "description": "Respostas para as perguntas mais comuns sobre o Showcase",
      "keywords": ["faq", "perguntas", "frequentes", "dúvidas", "ajuda", "problemas"],
      "content": "Encontre respostas rápidas para as dúvidas mais comuns sobre instalação, uso básico, questões técnicas, cobrança e solução de problemas do Showcase."
    },
    {
      "id": "api-reference",
      "title": "API Reference",
      "url": "/pages/developers/api-reference.html",
      "category": "Desenvolvedores",
      "description": "Documentação completa da API do Showcase",
      "keywords": ["api", "referência", "desenvolvedor", "integração", "endpoint", "sdk"],
      "content": "Documentação técnica completa da API REST do Showcase, incluindo autenticação, endpoints, exemplos de código e SDKs para diferentes linguagens."
    },
    {
      "id": "real-estate",
      "title": "Casos de Uso - Imobiliário",
      "url": "/pages/documentation/real-estate.html",
      "category": "Documentação",
      "description": "Como usar o Showcase no setor imobiliário",
      "keywords": ["imobiliário", "vendas", "imóveis", "tours", "virtual", "plantas"],
      "content": "Guia específico para uso do Showcase no setor imobiliário, incluindo tours virtuais, apresentação de plantas, informações de imóveis e estratégias de vendas."
    },
    {
      "id": "museums",
      "title": "Casos de Uso - Museus",
      "url": "/pages/documentation/museums.html",
      "category": "Documentação",
      "description": "Experiências interativas para museus com o Showcase",
      "keywords": ["museus", "cultura", "exposições", "interativo", "multimídia", "arte"],
      "content": "Como criar experiências interativas em museus usando o Showcase, incluindo exposições multimídia, navegação intuitiva e conteúdo educacional."
    },
    {
      "id": "troubleshooting",
      "title": "Troubleshooting",
      "url": "/pages/support/troubleshooting.html",
      "category": "Suporte",
      "description": "Soluções para problemas comuns do Showcase",
      "keywords": ["problemas", "erro", "bug", "solução", "correção", "troubleshooting"],
      "content": "Guia de solução de problemas comuns do Showcase, incluindo problemas de sincronização, performance, conectividade e configuração."
    },
    {
      "id": "user-guide",
      "title": "Guia do Usuário",
      "url": "/pages/documentation/user-guide.html",
      "category": "Documentação",
      "description": "Documentação completa para usuários do Showcase",
      "keywords": ["guia", "usuário", "manual", "completo", "funcionalidades", "recursos"],
      "content": "Manual completo do usuário com todas as funcionalidades do Showcase, desde configurações básicas até recursos avançados."
    },
    {
      "id": "contact",
      "title": "Contato",
      "url": "/pages/support/contact.html",
      "category": "Suporte",
      "description": "Entre em contato com o suporte do Showcase",
      "keywords": ["contato", "suporte", "ajuda", "telefone", "email", "chat"],
      "content": "Canais de contato para suporte técnico e comercial do Showcase. Telefone, email, chat online e horários de atendimento."
    },
    {
      "id": "sdk-javascript",
      "title": "SDK JavaScript",
      "url": "/pages/developers/sdk-javascript.html",
      "category": "Desenvolvedores",
      "description": "SDK JavaScript para integração com Showcase",
      "keywords": ["sdk", "javascript", "js", "integração", "biblioteca", "npm"],
      "content": "SDK JavaScript oficial para integração com o Showcase. Instalação via npm, exemplos de uso e documentação completa da API."
    },
    {
      "id": "best-practices",
      "title": "Melhores Práticas",
      "url": "/pages/documentation/best-practices.html",
      "category": "Documentação",
      "description": "Dicas e melhores práticas para usar o Showcase",
      "keywords": ["práticas", "dicas", "otimização", "performance", "ux", "design"],
      "content": "Melhores práticas para criar apresentações eficazes com o Showcase, incluindo dicas de UX, otimização de performance e design."
    },
    {
      "id": "system-requirements",
      "title": "Requisitos do Sistema",
      "url": "/pages/getting-started/system-requirements.html",
      "category": "Começar Agora",
      "description": "Requisitos mínimos e recomendados para o Showcase",
      "keywords": ["requisitos", "sistema", "hardware", "software", "mínimo", "recomendado"],
      "content": "Especificações técnicas mínimas e recomendadas para executar o Showcase Player, incluindo processador, memória, placa de vídeo e sistema operacional."
    }
  ],
  "categories": [
    {
      "id": "getting-started",
      "name": "Começar Agora",
      "description": "Guias rápidos e tutoriais para começar a usar o Showcase",
      "icon": "fas fa-rocket",
      "color": "#10B981"
    },
    {
      "id": "documentation",
      "name": "Documentação",
      "description": "Documentação completa e casos de uso específicos",
      "icon": "fas fa-book",
      "color": "#1E3A8A"
    },
    {
      "id": "support",
      "name": "Suporte",
      "description": "Central de ajuda e solução de problemas",
      "icon": "fas fa-headset",
      "color": "#F59E0B"
    },
    {
      "id": "developers",
      "name": "Desenvolvedores",
      "description": "APIs, SDKs e documentação técnica",
      "icon": "fas fa-code",
      "color": "#8B5CF6"
    }
  ]
}

